name,run_time,spearman_avg,spearman_var,spearman_med,mae_avg,mae_var,mae_med
m1_val_rf_5_trees_mse_auto_max_feat_None_max_depth,447.25578784942627,0.69606826117214526,0.06006965435304075,0.77637863656100736,15.137798972602734,40.855743713749916,13.959583333333335
m1_val_rf_5_trees_mse_auto_max_feat_2_max_depth,341.6617090702057,0.50142532967719311,0.12452162462258581,0.59981545809813286,14.390457116602347,38.964324187131318,13.251793649146245
m1_val_rf_5_trees_mse_auto_max_feat_4_max_depth,357.6459379196167,0.73000434216239718,0.05814649588664584,0.80612244897959184,13.317092304140159,34.441487691674546,12.351358767499013
m1_val_rf_5_trees_mse_auto_max_feat_6_max_depth,371.14879298210144,0.75997626681100883,0.058531493542560022,0.84270516717325228,13.484676881374677,40.66170435082207,12.090832484681597
m1_val_rf_5_trees_mse_auto_max_feat_8_max_depth,388.8089828491211,0.74984341448616709,0.065633402563015808,0.83570343030829353,13.751083269728557,40.477964046039439,12.302754299145356
m1_val_rf_5_trees_mse_auto_max_feat_10_max_depth,398.6275010108948,0.74264851087622386,0.059543091049470864,0.82441380807642206,14.24009479007224,44.291185135655923,12.548050224621337
m1_val_rf_5_trees_mse_auto_max_feat_12_max_depth,411.5823061466217,0.7311917451329123,0.057056635920195435,0.80975900998697348,14.554483712076429,42.965113287717671,13.443095343225702
m1_val_rf_5_trees_mse_auto_max_feat_14_max_depth,420.6938319206238,0.71041330843033879,0.062186916307024456,0.78907946157186282,15.113157617346495,53.628003054412382,13.669967980938289
m1_val_rf_5_trees_mse_auto_max_feat_16_max_depth,431.7131118774414,0.7109725848952233,0.060704692069361341,0.78853669127225356,14.821946357190729,42.939939958786752,13.496709647448647
m1_val_rf_5_trees_mse_auto_max_feat_18_max_depth,437.1525511741638,0.70163158239104473,0.064566089774829805,0.77941815023881889,15.12194728683019,46.852044057918491,13.545128364929241
m1_val_rf_5_trees_mse_sqrt_max_feat_None_max_depth,353.766982793808,0.69386461375573261,0.058751556298351673,0.77399044724272681,14.634826484018268,38.082139015392592,13.501833333333336
m1_val_rf_5_trees_mse_sqrt_max_feat_2_max_depth,327.859570980072,0.57546737727443076,0.12266179681087409,0.68329353017802874,15.143240487579297,30.864712138421702,15.047367693918758
m1_val_rf_5_trees_mse_sqrt_max_feat_4_max_depth,333.0670630931854,0.73549792111540102,0.066452616587491548,0.81746634824142417,14.039747794142164,32.497743185180042,13.645140698089103
m1_val_rf_5_trees_mse_sqrt_max_feat_6_max_depth,337.2373640537262,0.75951052528268692,0.057688005038989285,0.83429222752930965,13.532642717838758,36.087520595300447,12.535169953013837
m1_val_rf_5_trees_mse_sqrt_max_feat_8_max_depth,339.40470004081726,0.75493564082584375,0.05919541918298462,0.83771168041684763,13.546640444419298,35.380396957755337,12.54933555058544
m1_val_rf_5_trees_mse_sqrt_max_feat_10_max_depth,341.7213170528412,0.73972230979246834,0.06104443821904975,0.81122448979591844,13.744455076738634,37.553242526105976,12.698055927552005
m1_val_rf_5_trees_mse_sqrt_max_feat_12_max_depth,345.4163820743561,0.72404992891939601,0.06386964202399778,0.80606817194963098,14.101824497824502,37.547393336474386,13.228478658697256
m1_val_rf_5_trees_mse_sqrt_max_feat_14_max_depth,345.6842939853668,0.72040191768925543,0.057425571082008041,0.79532132001736866,14.470359268978267,38.203602526348952,13.252139282947391
m1_val_rf_5_trees_mse_sqrt_max_feat_16_max_depth,349.96798515319824,0.702501353208144,0.05794382638824818,0.7755644811115936,14.448331058347481,37.637905905015934,13.255256649566803
m1_val_rf_5_trees_mse_sqrt_max_feat_18_max_depth,350.19626903533936,0.69888233929538035,0.060655481440540296,0.7818606165870603,14.536788242926075,37.392779481535172,13.172900675007968
m1_val_rf_5_trees_mse_log2_max_feat_None_max_depth,354.83258509635925,0.69608402381646306,0.063799213436014149,0.78131784628745116,14.599439840182635,37.292741338309064,13.318958333333335
m1_val_rf_5_trees_mse_log2_max_feat_2_max_depth,328.78644585609436,0.55684054152118445,0.11208660264310644,0.65110725141120285,15.429056147041605,31.651845112985644,15.197712088337573
m1_val_rf_5_trees_mse_log2_max_feat_4_max_depth,332.75760102272034,0.72562961354754685,0.065213676949801944,0.80943334780720799,13.802351943119685,32.002588185355627,13.315918991151257
m1_val_rf_5_trees_mse_log2_max_feat_6_max_depth,336.05568194389343,0.75603501091488823,0.061547658290622108,0.82935301780286586,13.47502035252913,34.554792780702847,12.55911472356491
m1_val_rf_5_trees_mse_log2_max_feat_8_max_depth,340.5576961040497,0.75033755851509931,0.062741943886699875,0.82875597047329563,13.693006816290255,35.224870954853287,12.571326161990712
m1_val_rf_5_trees_mse_log2_max_feat_10_max_depth,341.3038580417633,0.74425674670917663,0.060088015309868084,0.82805036908380369,13.596006624124785,35.522623399347339,12.710199750981372
m1_val_rf_5_trees_mse_log2_max_feat_12_max_depth,344.83212518692017,0.72536640712828415,0.056366701463730018,0.79667824576639168,14.07374313029227,36.673780093029258,12.728086588575751
m1_val_rf_5_trees_mse_log2_max_feat_14_max_depth,346.3289158344269,0.71140055555885973,0.059695977683746231,0.79173903603994789,14.388463154317437,40.484520435748912,13.266148458498302
m1_val_rf_5_trees_mse_log2_max_feat_16_max_depth,350.4286758899689,0.71110835182222121,0.058427756249642422,0.77816977854971769,14.705385420287984,41.286834931297868,13.561282523929634
m1_val_rf_5_trees_mse_log2_max_feat_18_max_depth,350.1816830635071,0.69711930239889586,0.064542475677756631,0.78359748154580977,14.626792709338144,40.850780659944014,13.076312074868888
m1_val_rf_5_trees_mse_0.1_max_feat_None_max_depth,340.7097759246826,0.65947007774255162,0.068370548565301795,0.74164133738601823,15.44575878995434,40.26271485439856,14.637458333333333
m1_val_rf_5_trees_mse_0.1_max_feat_2_max_depth,326.18511295318604,0.25649435816296789,0.25512910448534076,0.43399913156752068,17.402487712797374,37.520889089528858,17.528029456622921
m1_val_rf_5_trees_mse_0.1_max_feat_4_max_depth,328.66465497016907,0.56015902426257602,0.12077150010941609,0.65805471124620063,16.041216410794714,34.877338314264676,16.175732463702328
m1_val_rf_5_trees_mse_0.1_max_feat_6_max_depth,328.57782006263733,0.64932309851950087,0.089961675234380103,0.74896873643074247,15.144724285133014,33.331829721250585,14.924286919694865
m1_val_rf_5_trees_mse_0.1_max_feat_8_max_depth,334.13872599601746,0.69109083446844199,0.073932325955908498,0.77442466348241423,14.783055168705259,33.253666472706421,14.394329838020338
m1_val_rf_5_trees_mse_0.1_max_feat_10_max_depth,332.44533705711365,0.68484823250197779,0.067641855182816429,0.77643291359096833,14.824755943311892,44.007244052445515,13.892390253798878
m1_val_rf_5_trees_mse_0.1_max_feat_12_max_depth,334.26668405532837,0.68067886437582925,0.073727662142263076,0.77252496743378196,14.53514523519066,39.20715690579221,13.868854418551456
m1_val_rf_5_trees_mse_0.1_max_feat_14_max_depth,334.5589978694916,0.67751533140216191,0.071178990883125556,0.76118106817194964,14.910782290415789,37.341876003944925,13.825756790794863
m1_val_rf_5_trees_mse_0.1_max_feat_16_max_depth,337.55081510543823,0.67297063389622858,0.061069952483420405,0.75303951367781152,14.852278414055297,38.404913257746855,13.904849664687163
m1_val_rf_5_trees_mse_0.1_max_feat_18_max_depth,337.6067020893097,0.66733013520185136,0.072840598276212212,0.75797872340425532,15.403262266580294,43.458287083776689,14.269452442038643
m1_val_rf_5_trees_mse_0.5_max_feat_None_max_depth,385.5164189338684,0.69021927920104253,0.058889678289542093,0.7687798523664785,14.9593138127854,41.752292545457038,13.864291666666666
m1_val_rf_5_trees_mse_0.5_max_feat_2_max_depth,332.05042791366577,0.64017972388605671,0.090399111081241657,0.73214285714285721,14.058525018704952,34.204212775667607,13.694892351825352
m1_val_rf_5_trees_mse_0.5_max_feat_4_max_depth,342.11901783943176,0.76260044968147533,0.057109761765181941,0.83613764654798084,13.212193151734461,34.51077218061134,12.112642744349182
m1_val_rf_5_trees_mse_0.5_max_feat_6_max_depth,348.77302598953247,0.77910289735247062,0.053624555957332933,0.85714285714285721,13.161177665303384,34.431099815552521,12.002279228952867
m1_val_rf_5_trees_mse_0.5_max_feat_8_max_depth,355.84639596939087,0.75849695751223833,0.061023329251544453,0.83858011289622225,13.330591195857723,36.428369252205428,12.292724946655651
m1_val_rf_5_trees_mse_0.5_max_feat_10_max_depth,362.2091751098633,0.74412930721691195,0.060127026544848659,0.82370820668693012,14.004041677845674,37.238339737387633,12.873601191878032
m1_val_rf_5_trees_mse_0.5_max_feat_12_max_depth,368.02464294433594,0.72926334917528635,0.061871930832418681,0.80845636126791143,14.667225207532523,41.146411856173494,13.934984127508693
m1_val_rf_5_trees_mse_0.5_max_feat_14_max_depth,371.7153811454773,0.71619805019063809,0.056298603858552725,0.79119626574033863,14.671794498745419,39.587919972900643,13.561301201914596
m1_val_rf_5_trees_mse_0.5_max_feat_16_max_depth,377.665983915329,0.70341395083244573,0.062373718557361589,0.78712548849326969,14.605403640152302,39.335453662580164,13.449375987569242
m1_val_rf_5_trees_mse_0.5_max_feat_18_max_depth,380.1059539318085,0.70042113027082009,0.058267261563065872,0.7807750759878419,15.421730598108054,47.607525358064343,14.000577968243128
m1_val_rf_5_trees_mse_0.8_max_feat_None_max_depth,430.0350580215454,0.69419548058220715,0.063563757264010715,0.77719279201042113,14.982928995433799,41.237402725028751,14.028625
m1_val_rf_5_trees_mse_0.8_max_feat_2_max_depth,372.77795791625977,0.5880798719954311,0.10050313809736836,0.69290056448111159,14.206256216071985,35.385871101106176,13.283996868077679
m1_val_rf_5_trees_mse_0.8_max_feat_4_max_depth,351.84108710289,0.74864010016714388,0.066278369735517734,0.82919018671298306,13.228900644549999,36.518567268395714,12.168669669906544
m1_val_rf_5_trees_mse_0.8_max_feat_6_max_depth,363.11867117881775,0.76942151095355094,0.058746643790823221,0.8440620929222753,13.178997100754223,35.416931954885086,12.131697298666106
m1_val_rf_5_trees_mse_0.8_max_feat_8_max_depth,376.9876470565796,0.74798535561120394,0.066935775720612503,0.8335866261398176,13.831457474107255,45.880862089325142,12.388561592929122
m1_val_rf_5_trees_mse_0.8_max_feat_10_max_depth,384.1627230644226,0.73954044456605106,0.062435424055689005,0.81410117238384716,14.172626905533733,42.960049059178012,12.669423119820893
m1_val_rf_5_trees_mse_0.8_max_feat_12_max_depth,395.2923300266266,0.72564210469964774,0.063844477476648467,0.80970473295701262,14.45745733190747,40.363674068557309,13.157528490153775
m1_val_rf_5_trees_mse_0.8_max_feat_14_max_depth,402.593327999115,0.70518234107983091,0.056968979903798234,0.77686712983065564,14.972672432625842,43.990750843335114,13.604827374186764
m1_val_rf_5_trees_mse_0.8_max_feat_16_max_depth,411.60000801086426,0.69750504107209732,0.061670873263789089,0.77822405557967866,15.014773573215049,45.248421471351669,13.674725656319028
m1_val_rf_5_trees_mse_0.8_max_feat_18_max_depth,418.0270309448242,0.70971350650432097,0.056094180205108875,0.78169778549717761,14.903238634129892,40.067861180825801,13.81487293230794
m1_val_rf_10_trees_mse_auto_max_feat_None_max_depth,579.3938889503479,0.72262504535477834,0.062408791380856081,0.80058619192357794,14.418978196347032,40.927143299201141,13.025395833333334
m1_val_rf_10_trees_mse_auto_max_feat_2_max_depth,363.1800808906555,0.57477010331967215,0.10686153854446885,0.68237082066869303,14.304131920290461,38.731271726039957,13.069936805653134
m1_val_rf_10_trees_mse_auto_max_feat_4_max_depth,394.696368932724,0.75275533996752331,0.056435611820914951,0.832663916630482,13.372242843497153,38.078617856452169,12.520695940056255
m1_val_rf_10_trees_mse_auto_max_feat_6_max_depth,431.4905879497528,0.77096416823797409,0.058715860004324057,0.85030395136778114,13.261522380558404,37.053094181795053,12.240052547103749
m1_val_rf_10_trees_mse_auto_max_feat_8_max_depth,449.9269309043884,0.76278915530070968,0.059807927768602387,0.84650455927051671,13.440589083197814,38.654785941028223,12.27014164068966
m1_val_rf_10_trees_mse_auto_max_feat_10_max_depth,485.9736580848694,0.75038841534865208,0.05832481649472257,0.82056013894919666,13.705528813517589,40.079243931166204,12.447973657231101
m1_val_rf_10_trees_mse_auto_max_feat_12_max_depth,506.8239121437073,0.74350489831607314,0.058778625812124716,0.8184976118106817,14.117446628831836,41.634196122162201,12.903921158569752
m1_val_rf_10_trees_mse_auto_max_feat_14_max_depth,522.6633739471436,0.73482191186005164,0.056781004362803131,0.81415544941380813,14.202981280907956,42.970458187891246,12.676849374796134
m1_val_rf_10_trees_mse_auto_max_feat_16_max_depth,542.7492549419403,0.7296032869574528,0.058410005082914614,0.81041033434650456,14.263470142038491,38.445270554221189,13.357612214798481
m1_val_rf_10_trees_mse_auto_max_feat_18_max_depth,556.5766561031342,0.72348024316109449,0.05698818558692232,0.79846938775510201,14.499527326032336,44.50242024180492,12.835351622403664
m1_val_rf_10_trees_mse_sqrt_max_feat_None_max_depth,387.56030011177063,0.7301854638678551,0.060210302152004153,0.8063395570994355,13.850476084474888,34.921928417793978,12.901666666666671
m1_val_rf_10_trees_mse_sqrt_max_feat_2_max_depth,337.17571783065796,0.64955582057946981,0.091783481891489979,0.74744897959183676,15.220105690223185,31.309771306113124,15.135969261678719
m1_val_rf_10_trees_mse_sqrt_max_feat_4_max_depth,343.84406185150146,0.75578459305610945,0.065733270180343722,0.84449630916196261,13.713677935475602,31.601166621637553,13.339444153760496
m1_val_rf_10_trees_mse_sqrt_max_feat_6_max_depth,349.96479892730713,0.77049099150006861,0.058050234438088426,0.84531046461137649,13.17686633817504,31.914477851384191,12.343763182995261
m1_val_rf_10_trees_mse_sqrt_max_feat_8_max_depth,355.7378649711609,0.76463858933255568,0.060598631517111312,0.84829570125922715,13.172614797873324,33.172443395693371,12.236851908069204
m1_val_rf_10_trees_mse_sqrt_max_feat_10_max_depth,362.3005750179291,0.7572937918974052,0.054119147886538044,0.82919018671298306,13.367367137732396,34.856844522493752,11.969401669738756
m1_val_rf_10_trees_mse_sqrt_max_feat_12_max_depth,368.224632024765,0.7438076600503214,0.060354529621452331,0.8214285714285714,13.858842657150742,37.235848946532215,12.862020574004688
m1_val_rf_10_trees_mse_sqrt_max_feat_14_max_depth,374.0211730003357,0.73561465390586389,0.05695540167951222,0.81079027355623101,13.903543955344354,36.073217444689647,12.85289936013308
m1_val_rf_10_trees_mse_sqrt_max_feat_16_max_depth,380.2891380786896,0.73361963847036915,0.055679325776713466,0.80894485453755971,13.82679614539566,36.401075101283503,12.707677901191625
m1_val_rf_10_trees_mse_sqrt_max_feat_18_max_depth,382.206906080246,0.72874481765891996,0.059645760471042843,0.80216022579244461,13.984834953924578,35.951133093198315,13.114619465373032
m1_val_rf_10_trees_mse_log2_max_feat_None_max_depth,387.83308601379395,0.73700221271837252,0.055363806094290945,0.80769648284845852,13.945751484018265,35.972017739892692,12.630562499999998
m1_val_rf_10_trees_mse_log2_max_feat_2_max_depth,337.8043818473816,0.65627620911378259,0.080539102801006901,0.73979591836734693,15.176929712316154,31.074802046355906,15.116774450229466
m1_val_rf_10_trees_mse_log2_max_feat_4_max_depth,343.4200301170349,0.7564597100863083,0.065592397041268652,0.83581198436821535,13.555369490242576,32.038019439906343,12.999131775596368
m1_val_rf_10_trees_mse_log2_max_feat_6_max_depth,350.0953269004822,0.76937392561221529,0.06049838665463253,0.84465914025184541,13.209104190576081,34.735493715891693,12.265306800272128
m1_val_rf_10_trees_mse_log2_max_feat_8_max_depth,355.6894619464874,0.76435664618514199,0.060946887700567012,0.84183673469387754,13.256804977456742,34.793916747570513,12.139900938839114
m1_val_rf_10_trees_mse_log2_max_feat_10_max_depth,363.09853982925415,0.75571633783213077,0.058502724280277342,0.83440078158923148,13.367356936512387,36.236000293115247,12.294952024823496
m1_val_rf_10_trees_mse_log2_max_feat_12_max_depth,367.77832198143005,0.74684196908142564,0.056277827302573066,0.8241966999565784,13.562611175142703,37.438459439689602,12.498616615413928
m1_val_rf_10_trees_mse_log2_max_feat_14_max_depth,374.69470405578613,0.74488472451061483,0.054159601861316783,0.82229700390794613,13.849535853944623,36.828611002327946,12.696150016099843
m1_val_rf_10_trees_mse_log2_max_feat_16_max_depth,381.3800060749054,0.73072897768842315,0.059931041164933613,0.80943334780720799,13.925892430272187,38.001847689433568,12.620010996224819
m1_val_rf_10_trees_mse_log2_max_feat_18_max_depth,384.0650408267975,0.73828552989251661,0.055843031463799694,0.81344984802431608,13.973129232892289,35.100675109943992,12.82767730923625
m1_val_rf_10_trees_mse_0.1_max_feat_None_max_depth,358.7315239906311,0.6987830048953424,0.064852248827732661,0.77176508901432916,14.340593892694066,38.8927333153934,13.084625000000001
m1_val_rf_10_trees_mse_0.1_max_feat_2_max_depth,333.01991605758667,0.45039986557141087,0.15979249692801453,0.57957012592270951,17.091833726236995,35.393145669589423,17.421466682949752
m1_val_rf_10_trees_mse_0.1_max_feat_4_max_depth,336.11287117004395,0.65839241846549135,0.079564760844522839,0.75488493269648282,15.671055890080151,33.552539289515579,15.648631763700502
m1_val_rf_10_trees_mse_0.1_max_feat_6_max_depth,338.48623514175415,0.71059205086873012,0.066046260903634482,0.79477854971775941,14.755317998976061,32.521431810429419,14.880643873739528
m1_val_rf_10_trees_mse_0.1_max_feat_8_max_depth,340.73100304603577,0.7275435851985792,0.064095018615933308,0.80845636126791143,14.112075676139357,34.0754669127165,13.671919869877598
m1_val_rf_10_trees_mse_0.1_max_feat_10_max_depth,344.42897510528564,0.72040504047728071,0.06319856358905003,0.80367998263135043,13.763250539730965,33.45641718935731,13.149389548725118
m1_val_rf_10_trees_mse_0.1_max_feat_12_max_depth,346.363627910614,0.72039135969164725,0.058455700260801158,0.80302865827181935,13.770022791459187,35.221931816785649,12.889874188934821
m1_val_rf_10_trees_mse_0.1_max_feat_14_max_depth,349.7909390926361,0.71503473729917522,0.05904023473623661,0.79130481980026057,14.258819252260238,37.571581792626944,13.534302942839735
m1_val_rf_10_trees_mse_0.1_max_feat_16_max_depth,354.1184091567993,0.71421849999107778,0.063211213118469445,0.79092488059053412,13.952970937079131,35.894427963485427,12.898863043341549
m1_val_rf_10_trees_mse_0.1_max_feat_18_max_depth,356.0380229949951,0.70816772643187265,0.062363651250371688,0.79179331306990886,14.274181165028123,35.862612232149701,13.405995980637833
m1_val_rf_10_trees_mse_0.5_max_feat_None_max_depth,450.54562401771545,0.73227520387344713,0.058032758651588322,0.80747937472861486,14.223556563926936,38.803167270586428,13.279625000000001
m1_val_rf_10_trees_mse_0.5_max_feat_2_max_depth,346.12075996398926,0.71640460031287367,0.066521840956425701,0.79808944854537556,13.744444323875367,33.374460870032344,13.027914530421903
m1_val_rf_10_trees_mse_0.5_max_feat_4_max_depth,361.2263231277466,0.78125955424431548,0.055100028329817106,0.86023664785062959,13.056249630455937,34.143561906776625,12.279123237075892
m1_val_rf_10_trees_mse_0.5_max_feat_6_max_depth,374.25678396224976,0.78150521356895952,0.057154394731838414,0.86072514112027787,13.042782318246843,35.481175515825335,12.016461499967912
m1_val_rf_10_trees_mse_0.5_max_feat_8_max_depth,387.80042004585266,0.77549786163372403,0.055966661161776031,0.84900130264871909,13.143999601831538,34.434861659268172,12.137394821456661
m1_val_rf_10_trees_mse_0.5_max_feat_10_max_depth,401.2501678466797,0.75483288622939726,0.057444206400231575,0.82756187581415541,13.621240891012794,38.03155951504948,12.474340989919845
m1_val_rf_10_trees_mse_0.5_max_feat_12_max_depth,412.6399898529053,0.74225132198026345,0.059623597291883573,0.81366695614415985,13.650162449896502,35.604963846888381,12.484148247478712
m1_val_rf_10_trees_mse_0.5_max_feat_14_max_depth,423.3436760902405,0.73800923750438641,0.061155648080915219,0.80530829353017808,13.809641963521157,36.691886401575822,12.751618045134398
m1_val_rf_10_trees_mse_0.5_max_feat_16_max_depth,433.57795000076294,0.72711695287266798,0.060240841462165837,0.81089882761615284,13.967916587965549,39.016706814768909,12.635889024516603
m1_val_rf_10_trees_mse_0.5_max_feat_18_max_depth,443.12626910209656,0.73044510138651808,0.058810914834268771,0.81285280069474597,14.154196949734486,41.402400394730954,12.949768007003042
m1_val_rf_10_trees_mse_0.8_max_feat_None_max_depth,529.2175760269165,0.72659485245570188,0.057362377798548116,0.79640686061658705,14.404904280821919,40.400103309372646,12.900208333333337
m1_val_rf_10_trees_mse_0.8_max_feat_2_max_depth,356.5736811161041,0.65713720638357387,0.076475371411316842,0.73735345201910552,14.064642510152311,37.764767747829431,13.054672461973041
m1_val_rf_10_trees_mse_0.8_max_feat_4_max_depth,382.4450421333313,0.77624301833820186,0.054307511747506157,0.85366912722535826,13.085829489893527,36.444571380973834,11.902925046950864
m1_val_rf_10_trees_mse_0.8_max_feat_6_max_depth,406.1898400783539,0.77699828692771244,0.058108778526908558,0.85117238384715588,13.23804709513224,38.951168469493219,12.173826493389113
m1_val_rf_10_trees_mse_0.8_max_feat_8_max_depth,427.1284930706024,0.76906432348515075,0.059764176543839115,0.84417064698219713,13.413491939468692,46.002458530025883,12.233148926585789
m1_val_rf_10_trees_mse_0.8_max_feat_10_max_depth,450.75740003585815,0.74915833427512613,0.060325717054654025,0.83114415979157619,13.661361154793807,39.832533820352467,12.288621343013894
m1_val_rf_10_trees_mse_0.8_max_feat_12_max_depth,467.6020588874817,0.73840940048418102,0.057420858519431371,0.81263569257490231,13.779111050950309,39.21366895861761,12.345843458800724
m1_val_rf_10_trees_mse_0.8_max_feat_14_max_depth,486.6569130420685,0.73165198460614156,0.061032633634137468,0.81529526704298738,14.21875487342723,39.801560931863776,12.995631790540701
m1_val_rf_10_trees_mse_0.8_max_feat_16_max_depth,502.1497230529785,0.74069617354373984,0.055805687457026951,0.81464394268345641,14.273062980559521,40.768181230869665,13.244960315802331
m1_val_rf_10_trees_mse_0.8_max_feat_18_max_depth,514.4953179359436,0.72557905412237711,0.058908512063543896,0.79553842813721232,14.237169332346987,39.447039972686355,12.797357096788543
m1_val_rf_20_trees_mse_auto_max_feat_None_max_depth,837.012442111969,0.73923500615635285,0.056574691076355398,0.81361267911419888,14.143534731735171,44.369761954150384,12.816864583333336
m1_val_rf_20_trees_mse_auto_max_feat_2_max_depth,405.34855222702026,0.64553069551924525,0.072997712682486365,0.73431393834129399,14.192501135676471,38.59354754116741,13.274772188515527
m1_val_rf_20_trees_mse_auto_max_feat_4_max_depth,466.74937105178833,0.76434519596238404,0.060565771842377304,0.84992401215805469,13.177961043058067,35.458571580303463,12.346880147961921
m1_val_rf_20_trees_mse_auto_max_feat_6_max_depth,525.060408115387,0.77911271182912101,0.056069923576903116,0.85589448545375602,13.134024191613213,36.479037673782159,12.120567031698139
m1_val_rf_20_trees_mse_auto_max_feat_8_max_depth,582.5368790626526,0.76828541092916358,0.059129049599784954,0.84482197134172821,13.385006872265238,38.473496052816778,12.097017403232821
m1_val_rf_20_trees_mse_auto_max_feat_10_max_depth,632.3101420402527,0.75946799588386793,0.058876782852061139,0.83016717325227962,13.535718686776249,40.847391339011971,12.314044831986045
m1_val_rf_20_trees_mse_auto_max_feat_12_max_depth,680.9491050243378,0.7517258608485653,0.057240886805644688,0.82370820668693012,13.619639018271423,39.769681195049507,12.572578047788403
m1_val_rf_20_trees_mse_auto_max_feat_14_max_depth,724.9865810871124,0.748406337177832,0.05643933196431615,0.8254450716456796,13.898366702141898,41.964724561439624,12.633242488656135
m1_val_rf_20_trees_mse_auto_max_feat_16_max_depth,762.2456641197205,0.74512740975142633,0.059780735990014641,0.82392531480677378,13.886327861748237,40.728572493119771,12.562030989234756
m1_val_rf_20_trees_mse_auto_max_feat_18_max_depth,793.4361159801483,0.74291424526674565,0.058973521890560696,0.81985453755970472,14.083035454729428,42.193220525477763,13.021137474992164
m1_val_rf_20_trees_mse_sqrt_max_feat_None_max_depth,452.19657278060913,0.75393932274162956,0.054846870614240588,0.82821320017368649,13.461872602739724,36.399784976305838,12.365708333333332
m1_val_rf_20_trees_mse_sqrt_max_feat_2_max_depth,354.15192103385925,0.70276411351483115,0.072063455472719529,0.79456144159791575,15.145057714564263,33.101279235417593,15.367685939135136
m1_val_rf_20_trees_mse_sqrt_max_feat_4_max_depth,370.05305886268616,0.76430638416835706,0.060740436044275772,0.84737299174989145,13.585830856639342,32.411314047364833,13.354688594844204
m1_val_rf_20_trees_mse_sqrt_max_feat_6_max_depth,379.84196496009827,0.77587661120991636,0.057621904760930313,0.8542118975249674,13.179993758100871,32.586731372310609,12.571602703351331
m1_val_rf_20_trees_mse_sqrt_max_feat_8_max_depth,391.5902979373932,0.77544522034987085,0.058034515869055156,0.85242075553625707,12.858546159497303,34.022202810814107,12.183729341008041
m1_val_rf_20_trees_mse_sqrt_max_feat_10_max_depth,403.89094710350037,0.76866088901313978,0.056673503876532839,0.83771168041684763,12.991449628239167,35.094736382233691,11.906911657456741
m1_val_rf_20_trees_mse_sqrt_max_feat_12_max_depth,414.56005811691284,0.76246423664190199,0.055864145569201606,0.83597481545809815,13.226603720180684,36.736219209777694,12.004098916045749
m1_val_rf_20_trees_mse_sqrt_max_feat_14_max_depth,426.5845558643341,0.75853829727752331,0.057872512000470618,0.83700607902735569,13.284978434249604,34.165574425692768,12.225753365876065
m1_val_rf_20_trees_mse_sqrt_max_feat_16_max_depth,437.59068298339844,0.75476135951320233,0.05626496662048102,0.83613764654798084,13.464354063412758,34.052006607795363,12.537184441713697
m1_val_rf_20_trees_mse_sqrt_max_feat_18_max_depth,441.4640350341797,0.75323282912698741,0.056084331939095136,0.82929874077290489,13.43187242496731,36.477813370689205,12.341588270406445
m1_val_rf_20_trees_mse_log2_max_feat_None_max_depth,453.0335900783539,0.75516390176006265,0.055138208057349085,0.82859313938341295,13.379749372146131,36.133937910455508,12.221375000000002
m1_val_rf_20_trees_mse_log2_max_feat_2_max_depth,353.5845351219177,0.70292887775920587,0.072273088137125296,0.80053191489361697,15.088167645329987,31.281327816914448,15.14280432541789
m1_val_rf_20_trees_mse_log2_max_feat_4_max_depth,367.84096598625183,0.76706811841612177,0.060959624633624046,0.84617889709075123,13.481299985928288,30.849460692539004,13.099201988862793
m1_val_rf_20_trees_mse_log2_max_feat_6_max_depth,381.37802815437317,0.77855001516782785,0.0562513757396787,0.85811984368215377,13.103850697972407,31.549796796412263,12.526932597635094
m1_val_rf_20_trees_mse_log2_max_feat_8_max_depth,390.6515588760376,0.77568403928169927,0.056439906915660878,0.85318063395570998,12.998092480631181,33.972674855096997,12.113185469779841
m1_val_rf_20_trees_mse_log2_max_feat_10_max_depth,402.8561270236969,0.76997409572981046,0.055519956069247103,0.84509335649153283,12.966070395233748,32.317605387391424,11.908069923859633
m1_val_rf_20_trees_mse_log2_max_feat_12_max_depth,415.7926769256592,0.76237679857719842,0.056479355445727193,0.83771168041684763,13.282816781294819,35.840921319009205,12.037632784221872
m1_val_rf_20_trees_mse_log2_max_feat_14_max_depth,427.57295513153076,0.75958190329468989,0.058557784134951357,0.84400781589231433,13.384159575519273,33.606076856725529,12.2567698967233
m1_val_rf_20_trees_mse_log2_max_feat_16_max_depth,435.98251080513,0.75103007393572374,0.058421705602887682,0.8252822405557968,13.331411540337788,34.38574987141574,12.206251552827091
m1_val_rf_20_trees_mse_log2_max_feat_18_max_depth,445.4712190628052,0.74992713494607977,0.056844456194477221,0.83233825445071652,13.507446631489012,34.878300135977085,12.450138672476442
m1_val_rf_20_trees_mse_0.1_max_feat_None_max_depth,393.88792991638184,0.73151934046716915,0.059992191131541507,0.81068171949630918,13.675551683789951,36.587801857965701,12.800572916666667
m1_val_rf_20_trees_mse_0.1_max_feat_2_max_depth,346.1874101161957,0.560639487505874,0.11616974996068041,0.67276378636561007,17.086152043675799,34.256719368884504,17.428855930743993
m1_val_rf_20_trees_mse_0.1_max_feat_4_max_depth,353.40010499954224,0.69302086617217529,0.070801592827461735,0.78717976552323055,15.56630129687843,33.474556395077585,15.781463583748263
m1_val_rf_20_trees_mse_0.1_max_feat_6_max_depth,356.63754391670227,0.72442317644049736,0.061894321726486311,0.79944637429439858,14.62885366012198,32.544195044976384,14.383448426911025
m1_val_rf_20_trees_mse_0.1_max_feat_8_max_depth,361.06943702697754,0.73681380450752154,0.067491673118885778,0.81790056448111159,13.985906356166666,32.432422712258777,13.616659590056329
m1_val_rf_20_trees_mse_0.1_max_feat_10_max_depth,366.8033230304718,0.73866085927230085,0.061122961372996595,0.81589231437255749,13.776280215611697,33.754596582462042,13.045555575722602
m1_val_rf_20_trees_mse_0.1_max_feat_12_max_depth,373.3518850803375,0.74583628263313473,0.054727552496558134,0.81800911854103342,13.545582877436839,32.373851491519936,12.54468373195072
m1_val_rf_20_trees_mse_0.1_max_feat_14_max_depth,565.2727019786835,0.73503515367091155,0.057061139563063794,0.81241858445505866,13.711651863243304,34.231906604921264,12.91770802197941
m1_val_rf_20_trees_mse_0.1_max_feat_16_max_depth,665.4877290725708,0.73661245903199457,0.05581877029651567,0.81469821971341727,13.65214979232144,34.749032379243637,12.676234714992381
m1_val_rf_20_trees_mse_0.1_max_feat_18_max_depth,672.8172590732574,0.73681276357817949,0.053739586760263913,0.81095310464611381,13.545412558561464,34.53376517135905,12.326877123502173
m1_val_rf_20_trees_mse_0.5_max_feat_None_max_depth,817.9281091690063,0.7469256895413372,0.057553951075147408,0.82397959183673475,13.799361301369869,39.836895294796086,12.509406250000003
m1_val_rf_20_trees_mse_0.5_max_feat_2_max_depth,370.5746259689331,0.74519432663768037,0.061630534280526506,0.82582501085540594,13.744631982025407,32.306833288145704,13.244247396226045
m1_val_rf_20_trees_mse_0.5_max_feat_4_max_depth,403.68145394325256,0.78669469244999035,0.05807337103583813,0.86577290490664349,12.920154383422696,33.067163825791305,12.039004051607384
m1_val_rf_20_trees_mse_0.5_max_feat_6_max_depth,429.69579911231995,0.78616396718990711,0.057509835248481737,0.8630047763786366,12.820177414969184,33.421151903554509,11.956800455644826
m1_val_rf_20_trees_mse_0.5_max_feat_8_max_depth,455.3157241344452,0.7773089299841186,0.056607678197672623,0.84986973512809383,13.018790059083098,35.374531341403241,11.881691046468129
m1_val_rf_20_trees_mse_0.5_max_feat_10_max_depth,481.0668258666992,0.7653226286142556,0.057274644160392095,0.83863438992618322,13.272760082013852,37.160063974495827,12.112132418896671
m1_val_rf_20_trees_mse_0.5_max_feat_12_max_depth,503.23336696624756,0.75951364807071209,0.055902329337518895,0.82864741641337392,13.397910490860175,38.044185251063084,12.078706928510863
m1_val_rf_20_trees_mse_0.5_max_feat_14_max_depth,525.4720709323883,0.75532479969545396,0.057870377227077677,0.83070994355188887,13.480736119669935,38.508627191451033,12.455698476737032
m1_val_rf_20_trees_mse_0.5_max_feat_16_max_depth,545.7271220684052,0.75640558176053863,0.054023993667832795,0.82354537559704732,13.743708251844421,37.257782699882149,12.640053188554468
m1_val_rf_20_trees_mse_0.5_max_feat_18_max_depth,559.3600840568542,0.75730122710698933,0.052386462085955786,0.82946157186278768,13.554161486689006,37.976203198545477,12.441818774801584
m1_val_rf_20_trees_mse_0.8_max_feat_None_max_depth,739.5513260364532,0.74477007357883396,0.055445554518623465,0.81030178028658273,13.939431050228308,39.087881761521963,12.602989583333331
m1_val_rf_20_trees_mse_0.8_max_feat_2_max_depth,392.49525022506714,0.71234125827538797,0.066670364266489118,0.79716673903603996,13.854460326660108,36.029335177578915,12.747937131917247
m1_val_rf_20_trees_mse_0.8_max_feat_4_max_depth,442.4811818599701,0.78248056436214852,0.05727980100755569,0.86246200607902734,13.030846898375808,35.153800254413525,12.165881533491286
m1_val_rf_20_trees_mse_0.8_max_feat_6_max_depth,489.9601128101349,0.7838905775075985,0.058625606199449495,0.86414459400781585,13.036085911328126,36.566171420052548,11.872023741341744
m1_val_rf_20_trees_mse_0.8_max_feat_8_max_depth,533.2389938831329,0.7739047936283231,0.058897543125622051,0.85318063395570998,13.281508069923568,40.29046616561179,12.072185595942322
m1_val_rf_20_trees_mse_0.8_max_feat_10_max_depth,577.9671549797058,0.76403946014430246,0.05707883911302309,0.83700607902735569,13.425966863368224,37.190803824291983,12.259944577122434
m1_val_rf_20_trees_mse_0.8_max_feat_12_max_depth,616.9732620716095,0.75868655535662211,0.053815995556144434,0.82875597047329563,13.620881597912756,40.095404136119278,12.476161327283902
m1_val_rf_20_trees_mse_0.8_max_feat_14_max_depth,649.0182819366455,0.75141343334185884,0.057854185567775183,0.82376248371689098,13.81755496134978,40.802314704374744,12.572632403619814
m1_val_rf_20_trees_mse_0.8_max_feat_16_max_depth,680.9606399536133,0.74554541723422119,0.057635486721196914,0.82338254450716453,13.812261132493186,38.218222083884257,12.695700383099682
m1_val_rf_20_trees_mse_0.8_max_feat_18_max_depth,705.782977104187,0.7480542056519488,0.053822354809936974,0.82083152409900129,14.04471993571968,40.154419338817064,12.993749700383299
m1_val_rf_40_trees_mse_auto_max_feat_None_max_depth,1352.3453550338745,0.75087333971770076,0.058628615412601684,0.8268019973947025,13.915086501141559,41.1587950570865,12.953104166666661
m1_val_rf_40_trees_mse_auto_max_feat_2_max_depth,492.43483686447144,0.67125577715784646,0.069565176409756582,0.75325662179765529,14.216126390151087,38.428405958115214,13.099188530234663
m1_val_rf_40_trees_mse_auto_max_feat_4_max_depth,616.9205801486969,0.77534276316180795,0.057958747859508115,0.85936821537125485,13.170777754314148,36.19817241594653,12.109892611057814
m1_val_rf_40_trees_mse_auto_max_feat_6_max_depth,729.760167837143,0.77876266216192125,0.059902501879226279,0.85985670864090313,13.140370911493047,36.006014521368471,12.028557445200745
m1_val_rf_40_trees_mse_auto_max_feat_8_max_depth,838.7030010223389,0.77439551746084578,0.057507520473573423,0.84927268779852372,13.215141316806173,37.212152342756916,11.858944161024032
m1_val_rf_40_trees_mse_auto_max_feat_10_max_depth,944.2453360557556,0.76748835646179214,0.060237475890106348,0.84286799826313508,13.326964148760576,38.7932469752459,12.10845260160252
m1_val_rf_40_trees_mse_auto_max_feat_12_max_depth,1409.6121261119843,0.75797723636233871,0.060223761868286423,0.83217542336083372,13.657320796496103,41.395792196350897,12.351822199062335
m1_val_rf_40_trees_mse_auto_max_feat_14_max_depth,1414.8846690654755,0.75609657445023992,0.058209818595266305,0.832663916630482,13.741198133680092,42.520808278474419,12.510687621424488
m1_val_rf_40_trees_mse_auto_max_feat_16_max_depth,1206.181888103485,0.75236365312665443,0.0588425646853852,0.83141554494138081,13.771578964687127,40.117229189123563,12.59637439503272
m1_val_rf_40_trees_mse_auto_max_feat_18_max_depth,1263.1258199214935,0.7520904835265495,0.05811354227881068,0.82647633521493702,13.769321440862628,39.475574029238949,12.618736772622308
m1_val_rf_40_trees_mse_sqrt_max_feat_None_max_depth,585.0986440181732,0.76748791034921615,0.05536440672919242,0.84319366044290056,13.153735602168963,35.890941268793817,12.104572916666671
m1_val_rf_40_trees_mse_sqrt_max_feat_2_max_depth,389.701406955719,0.72372292840190566,0.067078658971400154,0.81051888840642639,14.976213134652326,30.572456550984001,14.915672770595648
m1_val_rf_40_trees_mse_sqrt_max_feat_4_max_depth,415.6446659564972,0.775375478083976,0.05862962258097322,0.8543747286148502,13.416645830762006,31.340710078701353,13.252437430834496
m1_val_rf_40_trees_mse_sqrt_max_feat_6_max_depth,440.7539529800415,0.78730214907297758,0.054216139592139515,0.8562201476335215,12.986872818870127,32.020507515703088,12.211585571221429
m1_val_rf_40_trees_mse_sqrt_max_feat_8_max_depth,464.618616104126,0.78536096455486848,0.055740551814255808,0.86305905340859745,12.880445155985189,32.4534118761323,11.982310917231857
m1_val_rf_40_trees_mse_sqrt_max_feat_10_max_depth,486.4198348522186,0.78251179224240019,0.052716873080998032,0.85372340425531912,12.824987726319799,33.62658903975079,11.954367848596908
m1_val_rf_40_trees_mse_sqrt_max_feat_12_max_depth,509.5392529964447,0.77335860313230487,0.05594410984388154,0.85285497177594438,13.024310902100304,34.599458030210478,11.960298109932175
m1_val_rf_40_trees_mse_sqrt_max_feat_14_max_depth,533.1554419994354,0.77077263723909817,0.054708357884541155,0.84395353886235347,12.990526795756475,33.418425087884692,12.053615072328386
m1_val_rf_40_trees_mse_sqrt_max_feat_16_max_depth,550.2272861003876,0.7716080573879216,0.054336839965475496,0.84525618758141552,12.996407265836002,34.866560368914811,12.051628406115796
m1_val_rf_40_trees_mse_sqrt_max_feat_18_max_depth,566.3139340877533,0.7678062860235908,0.054765109237830324,0.84026270082501087,13.170386653185721,36.468405953853889,12.0896607341465
m1_val_rf_40_trees_mse_log2_max_feat_None_max_depth,585.2583870887756,0.76863783986343015,0.055392257388289373,0.84091402518454195,13.161354323630142,35.657291076950649,12.143536458333335
m1_val_rf_40_trees_mse_log2_max_feat_2_max_depth,390.79969596862793,0.72254994973798337,0.066001997453347838,0.80389709075119409,14.972106970374695,31.104838384205021,15.043365684372331
m1_val_rf_40_trees_mse_log2_max_feat_4_max_depth,416.94577503204346,0.77831788792462464,0.057946307199202469,0.85258358662613976,13.426697230693691,31.622072460801043,13.049915592016083
m1_val_rf_40_trees_mse_log2_max_feat_6_max_depth,440.68491196632385,0.78561762798969759,0.057620239846664395,0.86419887103777682,12.980167614882863,31.757388728133542,12.279907862194683
m1_val_rf_40_trees_mse_log2_max_feat_8_max_depth,527.4268178939819,0.78377443953390102,0.054587328378364608,0.85958532349109862,12.886094908240025,33.247808816571279,11.987568190560973
m1_val_rf_40_trees_mse_log2_max_feat_10_max_depth,537.9068078994751,0.77650488641973869,0.05582504410079088,0.84525618758141552,13.009983616443236,33.446567005520606,11.971221648527139
m1_val_rf_40_trees_mse_log2_max_feat_12_max_depth,661.7810561656952,0.77651023977063893,0.054007215835533529,0.85117238384715588,12.913648260860244,33.853754512777883,11.934341363838071
m1_val_rf_40_trees_mse_log2_max_feat_14_max_depth,691.6811201572418,0.77314030537892842,0.054780624838188838,0.84731871471993059,13.019357902282421,35.57419634854687,11.8136060941083
m1_val_rf_40_trees_mse_log2_max_feat_16_max_depth,645.722843170166,0.77105234982363713,0.058119856319166302,0.85225792444637427,13.039409884467936,33.553461974946089,11.996582901208859
m1_val_rf_40_trees_mse_log2_max_feat_18_max_depth,673.1093080043793,0.76861850831851231,0.054610832692137394,0.84085974815458098,13.222681571041576,35.082491123084679,12.096698459315689
m1_val_rf_40_trees_mse_0.1_max_feat_None_max_depth,512.0111260414124,0.75332026719169198,0.060345959896156688,0.83179548415110727,13.490396247146117,34.610089562407438,12.773927083333335
m1_val_rf_40_trees_mse_0.1_max_feat_2_max_depth,570.2310531139374,0.60466143029639663,0.10175978377383749,0.70098784194528874,17.098189817918193,35.231002198371378,17.399588290235844
m1_val_rf_40_trees_mse_0.1_max_feat_4_max_depth,523.3282220363617,0.70489861348211658,0.069213773603095108,0.79656969170646985,15.529542630612081,31.644223050178738,15.708368413412998
m1_val_rf_40_trees_mse_0.1_max_feat_6_max_depth,452.4317901134491,0.74369375263950011,0.061901103144543557,0.82349109856708647,14.513007901373941,31.502268379369173,14.518081307821982
m1_val_rf_40_trees_mse_0.1_max_feat_8_max_depth,426.21710896492004,0.75401367483746662,0.060465474900439027,0.83472644376899696,13.761870521579992,31.173306481801237,13.645362748456497
m1_val_rf_40_trees_mse_0.1_max_feat_10_max_depth,453.26496601104736,0.75720977402911049,0.055113564186999149,0.83320668693009114,13.523250408703838,31.394936036446293,12.894198921635081
m1_val_rf_40_trees_mse_0.1_max_feat_12_max_depth,584.0117428302765,0.76057346284477034,0.057073425628601043,0.83570343030829353,13.295408726038589,32.660829424185195,12.724566363870386
m1_val_rf_40_trees_mse_0.1_max_feat_14_max_depth,464.9635410308838,0.75446395112985398,0.059467530846687919,0.83260963960052103,13.312359484394555,33.706606364350023,12.461326401952631
m1_val_rf_40_trees_mse_0.1_max_feat_16_max_depth,507.3559799194336,0.75625985165269838,0.056216660582275597,0.83195831524098995,13.327693500440441,35.319770965524484,12.491452073845577
m1_val_rf_40_trees_mse_0.1_max_feat_18_max_depth,809.2409219741821,0.75315639517246735,0.054686402829643578,0.82376248371689098,13.27413796772216,33.807636892833571,12.334007326103942
m1_val_rf_40_trees_mse_0.5_max_feat_None_max_depth,1758.490443944931,0.76691762977414779,0.052730820548028523,0.83429222752930965,13.382285630707754,36.74281793535804,12.390656249999999
m1_val_rf_40_trees_mse_0.5_max_feat_2_max_depth,971.9020221233368,0.76054491163996951,0.06087041268179269,0.84178245766391657,13.677287544129824,32.590799056569033,13.368015740212664
m1_val_rf_40_trees_mse_0.5_max_feat_4_max_depth,1089.884449005127,0.79091417388873453,0.056534173127524158,0.86750976986539297,12.850707548810719,33.047495032598057,11.969054584469754
m1_val_rf_40_trees_mse_0.5_max_feat_6_max_depth,1178.0741038322449,0.79009868010159501,0.054488596000682149,0.86685844550586189,12.875081664851695,33.925865041195124,11.909723644962094
m1_val_rf_40_trees_mse_0.5_max_feat_8_max_depth,1249.7643048763275,0.78158120141090504,0.055931353358654359,0.85556882327399042,12.987646977413291,36.144772546637746,11.808437264615776
m1_val_rf_40_trees_mse_0.5_max_feat_10_max_depth,1330.8893280029297,0.77592270950933606,0.054556259641026103,0.84845853234910984,13.044895515466409,35.919526482959427,11.909530836338236
m1_val_rf_40_trees_mse_0.5_max_feat_12_max_depth,1300.6343128681183,0.7694911045152546,0.054694910225470211,0.83961137646547979,13.151306260541556,37.52923884011107,11.945991357477702
m1_val_rf_40_trees_mse_0.5_max_feat_14_max_depth,1168.153207063675,0.76923488719300048,0.056185659208062427,0.83977420755536258,13.306957237374689,37.780133342307167,12.136356440596389
m1_val_rf_40_trees_mse_0.5_max_feat_16_max_depth,937.4371569156647,0.76340018082429717,0.055119951302915055,0.83814589665653494,13.391680172385362,36.700716832845615,12.347584680767516
m1_val_rf_40_trees_mse_0.5_max_feat_18_max_depth,831.7128190994263,0.75859450746197632,0.057380088420985374,0.83011289622231876,13.416915152651566,37.930222010449782,12.305634804317462
m1_val_rf_40_trees_mse_0.8_max_feat_None_max_depth,1296.890557050705,0.75574221236148253,0.058137153237394788,0.83271819366044286,13.726448715753435,39.593694006782385,12.645744791666665
m1_val_rf_40_trees_mse_0.8_max_feat_2_max_depth,811.7656118869781,0.74338846293399286,0.056949970727197034,0.82061441597915763,13.860474373265873,35.790057115527624,12.974140548724286
m1_val_rf_40_trees_mse_0.8_max_feat_4_max_depth,866.2804760932922,0.79183524765196023,0.054189371181600367,0.86425314806773779,12.989874443397225,34.968002744993548,12.245969737751707
m1_val_rf_40_trees_mse_0.8_max_feat_6_max_depth,816.9076681137085,0.78328312088461138,0.057874557911214319,0.85795701259227097,13.011619353867646,35.137077912688532,12.000394220764923
m1_val_rf_40_trees_mse_0.8_max_feat_8_max_depth,836.5790538787842,0.77492088937002968,0.058986964625036317,0.85182370820668696,13.133695056118295,36.537511559889651,12.061804100025569
m1_val_rf_40_trees_mse_0.8_max_feat_10_max_depth,1068.1330969333649,0.76459710086307953,0.057482122330336179,0.83564915327833256,13.339601760352002,39.338443719483706,11.975645401175436
m1_val_rf_40_trees_mse_0.8_max_feat_12_max_depth,1249.2351560592651,0.76260312635692595,0.05595596103216146,0.83619192357794181,13.434752033349888,38.650972082547341,12.169711281873987
m1_val_rf_40_trees_mse_0.8_max_feat_14_max_depth,1151.241050004959,0.75972956655702173,0.059891010589604041,0.83304385584020846,13.50548911108546,38.321158404429767,12.218317563565014
m1_val_rf_40_trees_mse_0.8_max_feat_16_max_depth,1296.9228711128235,0.75660201999773957,0.057519545446316711,0.8254450716456796,13.625266795152383,39.792854170471145,12.42867784954646
m1_val_rf_40_trees_mse_0.8_max_feat_18_max_depth,1258.9497499465942,0.7557044414967975,0.059478736052580937,0.83570343030829353,13.68529129134714,41.320682024595811,12.616671438154823
m1_val_rf_80_trees_mse_auto_max_feat_None_max_depth,2776.956575155258,0.75772458794068454,0.059112138578128526,0.83488927485887976,13.718101070205488,40.121091262052595,12.673473958333334
m1_val_rf_80_trees_mse_auto_max_feat_2_max_depth,915.2387509346008,0.69852976165692138,0.064365833227560454,0.77974381241858448,14.173038170039964,38.736092375929005,13.046864041945659
m1_val_rf_80_trees_mse_auto_max_feat_4_max_depth,1245.2466428279877,0.77753079663809643,0.057359678412492843,0.85448328267477203,13.172553251108313,36.22374890299082,12.195464025762922
m1_val_rf_80_trees_mse_auto_max_feat_6_max_depth,1369.101453781128,0.78053149852188053,0.058234729722125969,0.85735996526270086,13.054392733980848,35.83655716762533,12.043366932840646
m1_val_rf_80_trees_mse_auto_max_feat_8_max_depth,1551.8776049613953,0.77469872530766892,0.057714003575300772,0.84829570125922715,13.143097884809261,38.752261168975913,11.823149368706297
m1_val_rf_80_trees_mse_auto_max_feat_10_max_depth,2257.5593671798706,0.76643538208055006,0.059689073908353624,0.837440295267043,13.301868094179586,38.825528863601122,12.11576413336738
m1_val_rf_80_trees_mse_auto_max_feat_12_max_depth,3512.118553161621,0.76347155883630013,0.059706256467938125,0.83765740338688666,13.42738455776286,38.612366828846795,12.417181797640668
m1_val_rf_80_trees_mse_auto_max_feat_14_max_depth,2343.055423974991,0.75972287486839618,0.059539465830493805,0.82940729483282671,13.569046373917697,40.162127265149991,12.432577385440363
m1_val_rf_80_trees_mse_auto_max_feat_16_max_depth,2384.0097069740295,0.75941014995330669,0.058389330281426052,0.83331524099001308,13.680442387684074,41.772333672433511,12.340719851048378
m1_val_rf_80_trees_mse_auto_max_feat_18_max_depth,3847.6006951332092,0.75642699516414047,0.060759536263861692,0.83320668693009114,13.757545898653234,42.22683287121383,12.544310815159394
m1_val_rf_80_trees_mse_sqrt_max_feat_None_max_depth,1811.5578880310059,0.779066910938086,0.055778501454338214,0.85388623534520192,13.043519677511412,34.865954150482558,11.923846354166661
m1_val_rf_80_trees_mse_sqrt_max_feat_2_max_depth,1052.5018899440765,0.72632108803882978,0.066769163136887591,0.80769648284845852,14.985240503176449,31.518395363451255,15.000380368954248
m1_val_rf_80_trees_mse_sqrt_max_feat_4_max_depth,1150.5485479831696,0.77931346248788047,0.056322395148577169,0.85470039079461568,13.436197599456285,31.079335530946253,13.120665013630273
m1_val_rf_80_trees_mse_sqrt_max_feat_6_max_depth,1238.347275018692,0.78860717705910655,0.054729722667764984,0.86273339122883197,12.911837739483202,31.49282085841071,12.465942108883951
m1_val_rf_80_trees_mse_sqrt_max_feat_8_max_depth,1322.1106431484222,0.7890543305634693,0.053676480243677389,0.86365610073816756,12.796493716155984,33.121954260791519,11.900839355200553
m1_val_rf_80_trees_mse_sqrt_max_feat_10_max_depth,1380.4428780078888,0.78617125369529861,0.054596264549427891,0.86153929656969175,12.809022582594151,33.177176672439806,11.669523939661921
m1_val_rf_80_trees_mse_sqrt_max_feat_12_max_depth,1476.605654001236,0.78099188669930286,0.056624634350638636,0.85529743812418579,12.891833524651496,34.919153635305889,12.106980789729263
m1_val_rf_80_trees_mse_sqrt_max_feat_14_max_depth,1661.2348129749298,0.77603170968183244,0.056131204358381204,0.85442900564481117,12.997719620934559,34.775894292958114,12.052838001724725
m1_val_rf_80_trees_mse_sqrt_max_feat_16_max_depth,1711.7837460041046,0.78087128759985491,0.054499865888948971,0.85464611376465482,13.026708698704169,35.622571494914602,11.867082449138833
m1_val_rf_80_trees_mse_sqrt_max_feat_18_max_depth,1731.942146062851,0.77783876301905197,0.053919644428362105,0.85258358662613976,12.965167572542427,35.413038406103958,11.952166729109434
m1_val_rf_80_trees_mse_log2_max_feat_None_max_depth,1352.4927341938019,0.78048822560210329,0.054807064730936599,0.85551454624402956,13.018860666381276,36.279073831116285,11.769713541666659
m1_val_rf_80_trees_mse_log2_max_feat_2_max_depth,500.5200378894806,0.73019081721875623,0.06554383575688566,0.81507815892314373,14.963468629779337,31.396537209838655,15.106100939253702
m1_val_rf_80_trees_mse_log2_max_feat_4_max_depth,552.6476109027863,0.77827149221682212,0.057454776309504511,0.85372340425531912,13.367718756296096,30.544446227501901,13.013207037381596
m1_val_rf_80_trees_mse_log2_max_feat_6_max_depth,631.6113810539246,0.78885402601728483,0.054042079270392805,0.8628419452887538,12.902893050120051,31.689039519552214,12.32118344458795
m1_val_rf_80_trees_mse_log2_max_feat_8_max_depth,719.1844029426575,0.78840256009136411,0.055308139296779239,0.85828267477203646,12.823547266904262,33.127088719041723,12.171596124523218
m1_val_rf_80_trees_mse_log2_max_feat_10_max_depth,970.3960068225861,0.78445520732338436,0.054703591306871059,0.86224489795918369,12.690508127858363,32.34045218323137,11.721669166227789
m1_val_rf_80_trees_mse_log2_max_feat_12_max_depth,1554.603451013565,0.78171577870437026,0.055669077413067217,0.85600303951367784,12.873412286476492,34.279145786431776,11.842237975137886
m1_val_rf_80_trees_mse_log2_max_feat_14_max_depth,1638.137578010559,0.77767979823815336,0.056045734983746334,0.85122666087711685,12.918101968346614,34.974450488087655,11.843979200979014
m1_val_rf_80_trees_mse_log2_max_feat_16_max_depth,1731.983857870102,0.77638175934903242,0.054776512084462728,0.85138949196699953,12.981630163802372,35.452927565121968,11.830534271039951
m1_val_rf_80_trees_mse_log2_max_feat_18_max_depth,1751.7668199539185,0.77853737531153566,0.053385810308572951,0.85247503256621804,13.07515041522216,35.388592077711692,11.957996012783397
m1_val_rf_80_trees_mse_0.1_max_feat_None_max_depth,1341.326555967331,0.76889807219885942,0.05590444745155599,0.84645028224055574,13.103679266552506,33.83999654680985,11.968552083333327
m1_val_rf_80_trees_mse_0.1_max_feat_2_max_depth,949.1637630462646,0.62923212129503525,0.095247266393105129,0.73387972210160668,17.120842733121723,34.55259379604702,17.575575349594587
m1_val_rf_80_trees_mse_0.1_max_feat_4_max_depth,986.9061079025269,0.72148626865494159,0.062839253290498082,0.80454841511072517,15.524497086505404,32.190970723059138,15.918104908788715
m1_val_rf_80_trees_mse_0.1_max_feat_6_max_depth,597.5682849884033,0.74971523147294505,0.057219150220723138,0.82159140251845419,14.424509194110104,30.985947756676989,14.567013323932997
m1_val_rf_80_trees_mse_0.1_max_feat_8_max_depth,584.1770620346069,0.75991366234631397,0.056148100300209045,0.83597481545809815,13.770186304346593,30.674038426450608,13.582674892456103
m1_val_rf_80_trees_mse_0.1_max_feat_10_max_depth,794.8769788742065,0.77137221253992627,0.054378209428257787,0.84797003907946156,13.435315548488649,32.324434645294481,12.821529958744248
m1_val_rf_80_trees_mse_0.1_max_feat_12_max_depth,750.3544118404388,0.77007313272146483,0.056088594498767928,0.84368215371254884,13.277853563218228,33.24899104846061,12.430375564612056
m1_val_rf_80_trees_mse_0.1_max_feat_14_max_depth,1068.1609098911285,0.771938626806013,0.054306443557999587,0.84411636995223627,13.255803073260957,35.96677229238086,12.272278178045854
m1_val_rf_80_trees_mse_0.1_max_feat_16_max_depth,725.644581079483,0.77103286957452699,0.054528268963345117,0.84351932262266605,13.07891591884024,34.254665733803797,12.191862669528184
m1_val_rf_80_trees_mse_0.1_max_feat_18_max_depth,800.0979578495026,0.76584859534020611,0.058685060953662889,0.83874294398610505,13.199263426468496,33.540666598158502,12.482886700148804
m1_val_rf_80_trees_mse_0.5_max_feat_None_max_depth,1878.6613500118256,0.76919131686484044,0.055580235859558243,0.8440620929222753,13.288862749714619,36.769217177999437,12.334453124999998
m1_val_rf_80_trees_mse_0.5_max_feat_2_max_depth,551.41676902771,0.76766724760437588,0.061730118554094923,0.85084672166739039,13.645174895284216,32.66942212829575,13.189433849363484
m1_val_rf_80_trees_mse_0.5_max_feat_4_max_depth,764.2974429130554,0.79192387535019892,0.055480275061057391,0.86902952670429867,12.854478852031463,33.336950326617675,11.94467004484067
m1_val_rf_80_trees_mse_0.5_max_feat_6_max_depth,941.6264278888702,0.79261847262950602,0.054233857971750794,0.86864958749457233,12.812285258791913,34.396049316718731,11.855017641440673
m1_val_rf_80_trees_mse_0.5_max_feat_8_max_depth,1147.1828939914703,0.78455721839887194,0.055264032476005046,0.8560573165436387,12.873432934845946,35.161227821139846,11.871753792227361
m1_val_rf_80_trees_mse_0.5_max_feat_10_max_depth,1232.7564010620117,0.77878586001582206,0.055114526149982718,0.85187798523664782,12.938312714805654,35.40974050703889,11.885367126341817
m1_val_rf_80_trees_mse_0.5_max_feat_12_max_depth,1983.2962069511414,0.77548031453910671,0.055763698553882753,0.85008684324793748,13.15369341299421,38.191501744593573,12.109471339382665
m1_val_rf_80_trees_mse_0.5_max_feat_14_max_depth,1497.2589418888092,0.77090840416609641,0.055297613720892695,0.8457446808510638,13.201740833792339,36.562811794706228,12.235954431619424
m1_val_rf_80_trees_mse_0.5_max_feat_16_max_depth,1486.3878030776978,0.77282059136682912,0.055847733871319798,0.84786148501953973,13.230096838968926,37.807873469761184,11.98520406316719
m1_val_rf_80_trees_mse_0.5_max_feat_18_max_depth,1630.908128976822,0.77209417139050318,0.053451449725612672,0.83700607902735569,13.312360231748929,36.74664283149594,12.109277017826448
m1_val_rf_80_trees_mse_0.8_max_feat_None_max_depth,2794.109673976898,0.7609202410197532,0.058140966725073927,0.83228397742075555,13.576850107020558,39.46112100262922,12.424947916666669
m1_val_rf_80_trees_mse_0.8_max_feat_2_max_depth,1310.421912908554,0.76061792539808082,0.053920323485510652,0.83488927485887976,13.841253026824644,35.977758922825366,12.921506197546222
m1_val_rf_80_trees_mse_0.8_max_feat_4_max_depth,1168.0595498085022,0.7911803543918291,0.056258774464464853,0.86767260095527576,12.98546607457504,35.03964065672406,12.200225196847244
m1_val_rf_80_trees_mse_0.8_max_feat_6_max_depth,1495.3652820587158,0.78553851735972702,0.057973080056476195,0.85855405992184108,12.952724858758902,34.872254445208362,11.918847050997845
m1_val_rf_80_trees_mse_0.8_max_feat_8_max_depth,1883.16894197464,0.78038160469667261,0.056284804241181499,0.85703430308293527,13.089847458065689,37.449377700399346,11.91516636488547
m1_val_rf_80_trees_mse_0.8_max_feat_10_max_depth,1756.7992899417877,0.77117354373985103,0.058941173085782984,0.84498480243161089,13.14786144479913,37.961240550737429,11.877411182010702
m1_val_rf_80_trees_mse_0.8_max_feat_12_max_depth,1608.6707780361176,0.76492335785961141,0.057735634037453354,0.82853886235345198,13.367443700850053,38.825829090914027,12.251554777737622
m1_val_rf_80_trees_mse_0.8_max_feat_14_max_depth,1733.2819180488586,0.76488484347396835,0.056837928997928576,0.83304385584020846,13.417526369656949,38.663451117060021,12.143934704782447
m1_val_rf_80_trees_mse_0.8_max_feat_16_max_depth,1872.0836639404297,0.76105035718746827,0.058943477943658229,0.83700607902735569,13.61569593497558,38.935284045642987,12.368432290802504
m1_val_rf_80_trees_mse_0.8_max_feat_18_max_depth,2001.694058895111,0.76330649718354193,0.05953657054084719,0.83885149804602688,13.536449283960655,39.85434025700107,12.307113467538599
m1_val_rf_160_trees_mse_auto_max_feat_None_max_depth,4712.607333898544,0.76290350882410685,0.058406235164221866,0.83706035605731655,13.636052168949776,40.418931945725745,12.518735677083344
m1_val_rf_160_trees_mse_auto_max_feat_2_max_depth,1078.1433911323547,0.71847262950648072,0.060913277717353054,0.79868649587494578,14.164788299229956,38.544708930661024,13.085123113873658
m1_val_rf_160_trees_mse_auto_max_feat_4_max_depth,1588.1910581588745,0.78252101190228318,0.057189503129608181,0.86246200607902734,13.17580899814206,36.432544878218096,12.226778737858647
m1_val_rf_160_trees_mse_auto_max_feat_6_max_depth,2139.8543899059296,0.78114787739636748,0.058630084114048728,0.85936821537125485,13.06902686423464,36.168275862330859,12.010341621060391
m1_val_rf_160_trees_mse_auto_max_feat_8_max_depth,2593.769639968872,0.77599066732493005,0.058203854496289884,0.85128093790707771,13.150587097796183,38.233394923230499,11.901168459982737
m1_val_rf_160_trees_mse_auto_max_feat_10_max_depth,3171.49067902565,0.77090617360322133,0.059012007093629006,0.84134824142422926,13.289169886502977,39.858988517400121,12.081624158103272
m1_val_rf_160_trees_mse_auto_max_feat_12_max_depth,3571.8610849380493,0.76717637506766023,0.056981911898739981,0.83955709943551893,13.426723466366392,40.214008534482296,12.237138673399045
m1_val_rf_160_trees_mse_auto_max_feat_14_max_depth,4026.0166289806366,0.76349044426864321,0.059135574010678628,0.83635475466782461,13.553131132728522,40.885781540359638,12.516243028879764
m1_val_rf_160_trees_mse_auto_max_feat_16_max_depth,4436.557027101517,0.7630942963020243,0.058550579355213905,0.83407511940946588,13.591949581013596,39.941542046892245,12.362804003520694
m1_val_rf_160_trees_mse_auto_max_feat_18_max_depth,6046.474943161011,0.76334917528655244,0.056359991923109858,0.8357577073382545,13.655127971776698,40.497777358266482,12.50534477157993
m1_val_rf_160_trees_mse_sqrt_max_feat_None_max_depth,1663.623095035553,0.78406887383341606,0.053959832497421853,0.86050803300043421,12.941615236158672,35.296567794205323,11.976510416666637
m1_val_rf_160_trees_mse_sqrt_max_feat_2_max_depth,1054.5756921768188,0.73645364295528715,0.061801437789647341,0.81898610508032998,14.972488092687243,31.139941664738004,15.286744489230502
m1_val_rf_160_trees_mse_sqrt_max_feat_4_max_depth,1248.1848409175873,0.7804223496451913,0.0567746599890709,0.85746851932262269,13.405226776738164,31.056370838422868,13.161539342431803
m1_val_rf_160_trees_mse_sqrt_max_feat_6_max_depth,1084.8091130256653,0.78926147550247161,0.05542427801674378,0.86750976986539297,12.912830341852247,32.037688047508844,12.343530870260219
m1_val_rf_160_trees_mse_sqrt_max_feat_8_max_depth,1186.9768290519714,0.79144787323265042,0.054402790756367898,0.86968085106382975,12.790126434207973,32.539255791934096,11.842295208909135
m1_val_rf_160_trees_mse_sqrt_max_feat_10_max_depth,1249.0584139823914,0.7916193291656507,0.05259600661903148,0.8663699522362136,12.761169676803295,33.962067167947851,11.924053536615174
m1_val_rf_160_trees_mse_sqrt_max_feat_12_max_depth,1488.2053000926971,0.7864320808474945,0.054339280563700777,0.85958532349109862,12.817681466280401,34.614025549339601,11.734287353879571
m1_val_rf_160_trees_mse_sqrt_max_feat_14_max_depth,2439.3479499816895,0.78562194041125655,0.053921491834192731,0.86105080330004347,12.867292199957836,34.756188961322799,11.873704642152477
m1_val_rf_160_trees_mse_sqrt_max_feat_16_max_depth,2617.7166769504547,0.78443766022876638,0.054645451223039355,0.85773990447242721,12.923190977017677,35.106345633041641,11.812565422684557
m1_val_rf_160_trees_mse_sqrt_max_feat_18_max_depth,2727.711369037628,0.78336431337326506,0.054305426715174049,0.85784845853234915,12.917765007206636,34.473421683359994,11.942548186841485
m1_val_rf_160_trees_mse_log2_max_feat_None_max_depth,2787.599921941757,0.78165451257739993,0.056902370414076538,0.85442900564481117,12.957398822773966,35.657704424848902,11.716024739583332
m1_val_rf_160_trees_mse_log2_max_feat_2_max_depth,1109.162661075592,0.73411348509091834,0.062778537637665568,0.81838905775075987,14.962243108575024,31.106591126238815,15.150871155885184
m1_val_rf_160_trees_mse_log2_max_feat_4_max_depth,1214.4324259757996,0.78152930364801076,0.056173816382850975,0.85708858011289624,13.394183778905695,30.934873558003886,13.148096619761411
m1_val_rf_160_trees_mse_log2_max_feat_6_max_depth,1097.3443930149078,0.79163940423152701,0.053616049822208939,0.86620712114633092,12.948596090619992,31.974774893369997,12.43042480542411
m1_val_rf_160_trees_mse_log2_max_feat_8_max_depth,1449.6482529640198,0.78858665588065568,0.055172104193328922,0.86691272253582286,12.788724383121936,33.114282859384069,11.924754842031797
m1_val_rf_160_trees_mse_log2_max_feat_10_max_depth,1355.3588798046112,0.79053631653769085,0.053458770317654204,0.8628419452887538,12.747384249589528,34.469703638963935,11.824486736805015
m1_val_rf_160_trees_mse_log2_max_feat_12_max_depth,1277.3763558864594,0.78837951094165448,0.054270450204353907,0.85980243161094227,12.865481761684764,35.094276182080726,11.845769003411172
m1_val_rf_160_trees_mse_log2_max_feat_14_max_depth,2098.1146619319916,0.7840198014501637,0.055200346026338672,0.86398176291793316,12.873727952318564,35.189978749736163,11.789730602764493
m1_val_rf_160_trees_mse_log2_max_feat_16_max_depth,1407.3534140586853,0.7826020556867459,0.056279918242774271,0.86034520191055142,12.922986852914162,35.134962123522335,11.954773863137918
m1_val_rf_160_trees_mse_log2_max_feat_18_max_depth,1476.2639350891113,0.7846550657569934,0.055737841497554855,0.85887972210160657,12.94003349658848,35.193435597994025,11.804243755387503
m1_val_rf_160_trees_mse_0.1_max_feat_None_max_depth,937.4207329750061,0.77901664892129963,0.054746243885449443,0.84639600521059488,13.036211543949777,33.620760850056236,12.016865885416665
m1_val_rf_160_trees_mse_0.1_max_feat_2_max_depth,541.8461408615112,0.63738884361672388,0.092160662487606432,0.74099001302648726,17.089917689678728,35.395580836856254,17.480471407908826
m1_val_rf_160_trees_mse_0.1_max_feat_4_max_depth,573.1697189807892,0.72339295380058188,0.063381513832918374,0.80308293530178032,15.50459616839599,32.084089167647363,15.901328510624632
m1_val_rf_160_trees_mse_0.1_max_feat_6_max_depth,739.4169988632202,0.75614951314247614,0.058773620776639474,0.83060138949196705,14.468881902210775,31.13994880926511,14.561494330392263
m1_val_rf_160_trees_mse_0.1_max_feat_8_max_depth,940.0992679595947,0.76667286267465273,0.058046998935958556,0.8438992618323925,13.704614566891111,31.181026481733088,13.518446873728029
m1_val_rf_160_trees_mse_0.1_max_feat_10_max_depth,720.5630161762238,0.77623097329867552,0.054526018547519775,0.84748154580981327,13.34453167654935,32.090040286992128,12.763148576355242
m1_val_rf_160_trees_mse_0.1_max_feat_12_max_depth,744.7933959960938,0.77812814137604891,0.054375653376754006,0.84910985670864092,13.195478330003253,32.263273287799947,12.627598871734136
m1_val_rf_160_trees_mse_0.1_max_feat_14_max_depth,852.0612099170685,0.77697033053967757,0.053873479008662212,0.84786148501953973,13.098201178549735,34.260475704792093,12.323752910682821
m1_val_rf_160_trees_mse_0.1_max_feat_16_max_depth,854.6797890663147,0.77746700253986711,0.056809927990144948,0.84813287016934436,13.091481131330262,33.341687359160829,12.143948378405254
m1_val_rf_160_trees_mse_0.1_max_feat_18_max_depth,902.1554269790649,0.77488341591372789,0.056513811893359071,0.8506838905775076,13.117834453365683,35.196308340367771,12.133032642204894
m1_val_rf_160_trees_mse_0.5_max_feat_None_max_depth,2590.295580148697,0.77513234673058917,0.056468629686113471,0.84742726877985231,13.230518325485155,37.54014014032105,11.86433333333334
m1_val_rf_160_trees_mse_0.5_max_feat_2_max_depth,801.4919312000275,0.77376545780072525,0.058889723889557419,0.85681719496309161,13.683559620645553,31.972858734351085,13.231337281725478
m1_val_rf_160_trees_mse_0.5_max_feat_4_max_depth,1012.6956601142883,0.79338013549925934,0.054983474790974741,0.86826964828484587,12.846469654376337,32.689044439923343,12.179428842497897
m1_val_rf_160_trees_mse_0.5_max_feat_6_max_depth,1297.864042043686,0.79445080567931081,0.051564162631049931,0.86799826313504125,12.763587038701843,33.336070644423373,11.826540951895447
m1_val_rf_160_trees_mse_0.5_max_feat_8_max_depth,1467.4393210411072,0.7878089329582022,0.053376824165678259,0.8609965262700825,12.866511600803001,34.532843600071843,11.881647828025192
m1_val_rf_160_trees_mse_0.5_max_feat_10_max_depth,1716.5794110298157,0.78151577156656815,0.055189708906077481,0.85008684324793748,12.898344560825057,35.996010498678977,11.773282958769107
m1_val_rf_160_trees_mse_0.5_max_feat_12_max_depth,1942.5462679862976,0.78040970978889934,0.053714531251893689,0.84965262700825006,13.067932044181626,36.186880325808339,11.830677078971048
m1_val_rf_160_trees_mse_0.5_max_feat_14_max_depth,2149.9042229652405,0.77650295326524632,0.053925117417104443,0.84558184976118111,13.133309409878963,36.838206510543031,12.102903331522858
m1_val_rf_160_trees_mse_0.5_max_feat_16_max_depth,2852.237198829651,0.77814092993653194,0.053609326258316201,0.85024967433782028,13.128837882550213,36.904625960590245,12.051019042207271
m1_val_rf_160_trees_mse_0.5_max_feat_18_max_depth,3483.240597009659,0.77541488469477005,0.055096940766992439,0.85062961354754663,13.139119424147639,36.263482369612191,11.982054237629461
m1_val_rf_160_trees_mse_0.8_max_feat_None_max_depth,3992.817815065384,0.76636236832243854,0.056953895719757078,0.83939426834563613,13.510158600884699,39.702687995633482,12.386041666666678
m1_val_rf_160_trees_mse_0.8_max_feat_2_max_depth,974.174859046936,0.7687031210035743,0.053157489004886899,0.84482197134172821,13.822593330035815,35.442149806627263,12.929520754612007
m1_val_rf_160_trees_mse_0.8_max_feat_4_max_depth,1404.8427481651306,0.79124043088526574,0.056692041848877266,0.8665327833260964,12.977372627436182,35.441346454637142,12.194738713023044
m1_val_rf_160_trees_mse_0.8_max_feat_6_max_depth,1756.9439980983734,0.78741754352571747,0.055856103646533636,0.8637646547980895,12.973429774601081,35.006164057551324,11.912987734204487
m1_val_rf_160_trees_mse_0.8_max_feat_8_max_depth,2739.4155201911926,0.78060243042130828,0.057749584983467918,0.85909683022145034,13.066044303418549,37.386676434963775,11.959225074257327
m1_val_rf_160_trees_mse_0.8_max_feat_10_max_depth,3779.988942861557,0.77547793527203968,0.055858901018416313,0.84927268779852372,13.143737264823551,37.335436977153577,12.089582283302455
m1_val_rf_160_trees_mse_0.8_max_feat_12_max_depth,3785.1068727970123,0.77036221367007884,0.059613426899734354,0.8442249240121581,13.30474264610401,39.131420664994003,12.046458037601491
m1_val_rf_160_trees_mse_0.8_max_feat_14_max_depth,4602.324558973312,0.76811737519257262,0.057294653965154242,0.84547329570125918,13.357554796855093,38.614223556144353,12.268378200674052
m1_val_rf_160_trees_mse_0.8_max_feat_16_max_depth,5739.541250944138,0.76706633396582169,0.057777188073158382,0.83863438992618322,13.503582593814201,39.65157126691544,12.273812254258814
m1_val_rf_160_trees_mse_0.8_max_feat_18_max_depth,4781.395188093185,0.76660862246384953,0.057776103716839604,0.83852583586626139,13.553841870275479,39.554213778619193,12.433025974033805
m1_val_rf_320_trees_mse_auto_max_feat_None_max_depth,11293.821139097214,0.76466476127029015,0.057439664613255101,0.83863438992618322,13.619681109089617,40.078116490595043,12.524383463541676
m1_val_rf_320_trees_mse_auto_max_feat_2_max_depth,1901.5837199687958,0.72850644483966631,0.060330034123334764,0.80861919235779411,14.17203700641959,38.528456442425586,13.048628222244778
m1_val_rf_320_trees_mse_auto_max_feat_4_max_depth,2876.8737580776215,0.78410902396516835,0.056425491246735397,0.86219062092922272,13.158521669817366,36.185645901470885,12.263123077825355
m1_val_rf_320_trees_mse_auto_max_feat_6_max_depth,3914.6838760375977,0.78098296444780124,0.057137193416901357,0.85616587060356064,13.084590142956834,36.194704470908384,12.048225313181769
m1_val_rf_320_trees_mse_auto_max_feat_8_max_depth,4795.119983911514,0.776474996877212,0.058056955397608016,0.85062961354754663,13.13113948653066,37.851094900500925,11.870711749467619
m1_val_rf_320_trees_mse_auto_max_feat_10_max_depth,5888.907598018646,0.77197535674135653,0.056871086706841899,0.84742726877985231,13.290426414865586,39.430074981929948,11.988098700353802
m1_val_rf_320_trees_mse_auto_max_feat_12_max_depth,6769.1497631073,0.76714574200417518,0.057445427821863224,0.83814589665653494,13.363278551626312,39.463348174646406,12.266651363136743
m1_val_rf_320_trees_mse_auto_max_feat_14_max_depth,12042.793352127075,0.76673725158964734,0.058340246158415827,0.84248805905340862,13.509190100919959,40.53487987152873,12.409626644957861
m1_val_rf_320_trees_mse_auto_max_feat_16_max_depth,11067.886626005173,0.76515384935670561,0.057302092771274377,0.83678897090751192,13.554108262940279,40.965425257591676,12.410705285980598
m1_val_rf_320_trees_mse_auto_max_feat_18_max_depth,15210.783637046814,0.76504083417103319,0.057389508504566138,0.84053408597481549,13.609778719902543,40.396826565736347,12.526277888406888
m1_val_rf_320_trees_mse_sqrt_max_feat_None_max_depth,5003.556280136108,0.78672919182245904,0.054624952625877014,0.85936821537125485,12.91947703874143,35.724774733342777,11.63965755208333
m1_val_rf_320_trees_mse_sqrt_max_feat_2_max_depth,1853.9297800064087,0.73703076392317379,0.061197530743782098,0.81415544941380813,14.988598818373367,31.143604687635655,15.059202128256581
m1_val_rf_320_trees_mse_sqrt_max_feat_4_max_depth,1862.561311006546,0.78213229914524729,0.056052468709417991,0.86067086409031701,13.393025702844156,30.927329028677057,13.269058560565627
m1_val_rf_320_trees_mse_sqrt_max_feat_6_max_depth,1925.725746870041,0.79142750075839163,0.053987851691724771,0.8703864524533218,12.918160209955168,31.755513879449566,12.375670072862889
m1_val_rf_320_trees_mse_sqrt_max_feat_8_max_depth,2815.372092962265,0.79217518543412657,0.054788464875937061,0.87190620929222751,12.760838770610489,32.561479176352812,12.002416511550857
m1_val_rf_320_trees_mse_sqrt_max_feat_10_max_depth,3174.876494884491,0.7924138556617637,0.053215719618550393,0.86457881024750327,12.720577346631476,34.105087645786654,11.746143845411565
m1_val_rf_320_trees_mse_sqrt_max_feat_12_max_depth,3288.4306931495667,0.78881253754780822,0.05450153388288359,0.8609965262700825,12.77664075564252,35.063544328833807,11.643122528075651
m1_val_rf_320_trees_mse_sqrt_max_feat_14_max_depth,2560.77059006691,0.78784685252707987,0.053679880911488106,0.86001953973078593,12.862185806035342,35.163858739176192,11.655876443708108
m1_val_rf_320_trees_mse_sqrt_max_feat_16_max_depth,2135.262813091278,0.78676428601169401,0.054891861909094029,0.86425314806773779,12.866763177906982,35.502337775330524,11.873772932357362
m1_val_rf_320_trees_mse_sqrt_max_feat_18_max_depth,2245.875599861145,0.78860137759563165,0.054143260165562312,0.86707555362570554,12.850308670630785,35.186617020389114,11.694859719006724
m1_val_rf_320_trees_mse_log2_max_feat_None_max_depth,2393.447599887848,0.7866881494655571,0.054948345153375551,0.86246200607902734,12.90394129209475,34.915015173954743,11.793532552083343
m1_val_rf_320_trees_mse_log2_max_feat_2_max_depth,835.0028960704803,0.7360035153670913,0.062957515588783305,0.81697785497177589,14.98317273582885,30.9648704733359,15.057909383330575
m1_val_rf_320_trees_mse_log2_max_feat_4_max_depth,1049.2304601669312,0.78144707023001581,0.056071874784617441,0.85768562744246635,13.404123505558921,31.334166247704022,13.080968475614576
m1_val_rf_320_trees_mse_log2_max_feat_6_max_depth,1245.5173139572144,0.7922517680928397,0.054277753999629877,0.8694637429439861,12.919628572396208,31.693367528686476,12.318455893785988
m1_val_rf_320_trees_mse_log2_max_feat_8_max_depth,1434.8858699798584,0.79251467710371859,0.053804879117416951,0.87141771602257923,12.785666192019923,33.242115961584894,12.063756812180628
m1_val_rf_320_trees_mse_log2_max_feat_10_max_depth,1624.0950570106506,0.7905073192203137,0.05482333070686584,0.86425314806773779,12.75293564195692,33.874432334334777,11.876679477556968
m1_val_rf_320_trees_mse_log2_max_feat_12_max_depth,1805.5395548343658,0.78906414504012101,0.056102761331834824,0.86734693877551017,12.741379046437455,34.189960580644893,11.854873624391177
m1_val_rf_320_trees_mse_log2_max_feat_14_max_depth,1983.4277079105377,0.78556751467710384,0.05646540375256074,0.86029092488059056,12.850221046892491,35.381919877224504,11.820168606919269
m1_val_rf_320_trees_mse_log2_max_feat_16_max_depth,2131.0869131088257,0.78779896977736019,0.054202316598608122,0.86343899261832391,12.83852236616678,34.881633741122798,11.555873033191055
m1_val_rf_320_trees_mse_log2_max_feat_18_max_depth,2246.834596157074,0.78655550532658403,0.054910290064305305,0.86229917498914466,12.837376428408144,34.797953536789706,11.774169229947548
m1_val_rf_320_trees_mse_0.1_max_feat_None_max_depth,1451.3372218608856,0.77967407015268986,0.057038737560474055,0.85643725575336516,12.991969700699208,33.502460346202213,12.031984374999992
m1_val_rf_320_trees_mse_0.1_max_feat_2_max_depth,698.3533818721771,0.64503878205318843,0.088019434292129092,0.74245549283543211,17.090676254552257,34.889135069177755,17.518532063106743
m1_val_rf_320_trees_mse_0.1_max_feat_4_max_depth,778.4230690002441,0.72644495863049408,0.064849937391214432,0.80563395570994356,15.4973726267368,31.927473660860262,15.841685271747501
m1_val_rf_320_trees_mse_0.1_max_feat_6_max_depth,860.0859560966492,0.75693229200744705,0.058602840106650629,0.83152409900130264,14.426017763087335,31.228824042106961,14.325159273835224
m1_val_rf_320_trees_mse_0.1_max_feat_8_max_depth,941.3744029998779,0.77121889851831149,0.056285102418254802,0.84818714719930521,13.736259756206346,31.633404973038395,13.363173177758098
m1_val_rf_320_trees_mse_0.1_max_feat_10_max_depth,1027.4348528385162,0.77806702395327132,0.055750378249361271,0.85584020842379505,13.362482522185713,32.53601205237856,12.603852775888923
m1_val_rf_320_trees_mse_0.1_max_feat_12_max_depth,1113.6085970401764,0.78054726116619766,0.055087784922213265,0.84986973512809383,13.167707563808285,32.970483374128293,12.388306944186889
m1_val_rf_320_trees_mse_0.1_max_feat_14_max_depth,1202.3553171157837,0.78106148026100553,0.055094480123876563,0.85849978289188011,13.08375039363675,33.36417814202661,12.20485745640714
m1_val_rf_320_trees_mse_0.1_max_feat_16_max_depth,1287.3993418216705,0.78105701913525594,0.054527874199662554,0.85269214068606169,13.020676202221333,33.843349838091811,12.054459639884426
m1_val_rf_320_trees_mse_0.1_max_feat_18_max_depth,1353.9188921451569,0.7796583075083714,0.055917713874811557,0.85556882327399042,13.029573760048146,34.047427814066822,12.058815651507343
m1_val_rf_320_trees_mse_0.5_max_feat_None_max_depth,4400.092919826508,0.7783422754120598,0.05566010783625594,0.8486756404689535,13.188708072916672,37.112449238261803,12.068496744791673
m1_val_rf_320_trees_mse_0.5_max_feat_2_max_depth,1113.4790070056915,0.7769527834450598,0.057399212571987379,0.8525293095961789,13.658974577513513,32.061154166674157,13.358632598150871
m1_val_rf_320_trees_mse_0.5_max_feat_4_max_depth,1583.338373184204,0.79338177124536824,0.054520984717939487,0.86664133738601823,12.81115834349942,32.664238257982007,12.070867977445017
m1_val_rf_320_trees_mse_0.5_max_feat_6_max_depth,2025.3219950199127,0.7939721268863128,0.052206635855655735,0.86702127659574468,12.748725881522766,33.256704946119044,11.816065028318691
m1_val_rf_320_trees_mse_0.5_max_feat_8_max_depth,2550.2323920726776,0.78992157340931091,0.053593026298872214,0.86501302648719058,12.817168977837706,34.605064839040864,11.787760703972618
m1_val_rf_320_trees_mse_0.5_max_feat_10_max_depth,2845.9950449466705,0.78483960765886085,0.054302147951781496,0.85817412071211463,12.883174056783133,35.345479438182196,11.748761338223696
m1_val_rf_320_trees_mse_0.5_max_feat_12_max_depth,3228.91388297081,0.77927643514415335,0.056008304797508235,0.85551454624402956,12.990850680602129,36.245810352133688,11.865351211565985
m1_val_rf_320_trees_mse_0.5_max_feat_14_max_depth,3578.724058151245,0.77905932702430969,0.055947778285025659,0.85274641771602255,13.077949272990766,36.718527898346721,12.030922103881153
m1_val_rf_320_trees_mse_0.5_max_feat_16_max_depth,3874.2592720985413,0.77786434014001959,0.055700705984595138,0.8542118975249674,13.153851342582062,36.910601708827549,11.930871647324187
m1_val_rf_320_trees_mse_0.5_max_feat_18_max_depth,4288.193025112152,0.77902215097639116,0.054924042900078358,0.84948979591836737,13.158917726418107,37.376387976937721,12.131716690013194
m1_val_rf_320_trees_mse_0.8_max_feat_None_max_depth,9308.21806383133,0.76846712745138801,0.057674157980037402,0.84172818063395571,13.481371009917238,39.066502672118588,12.295156901041672
m1_val_rf_320_trees_mse_0.8_max_feat_2_max_depth,1452.4209229946136,0.7749284732838051,0.053044050010676427,0.85111810681719491,13.808346479883397,35.738712113840414,12.85918502994547
m1_val_rf_320_trees_mse_0.8_max_feat_4_max_depth,2257.182820081711,0.79113351257145237,0.055381904091373189,0.86463308727746413,12.973887391263464,35.338090095307059,12.203787485595273
m1_val_rf_320_trees_mse_0.8_max_feat_6_max_depth,3155.8176300525665,0.78815600854156898,0.05577212367154101,0.86246200607902734,12.939014882090534,35.156407390642919,11.965655648758156
m1_val_rf_320_trees_mse_0.8_max_feat_8_max_depth,4148.963124036789,0.78198374365776568,0.056980649875191566,0.85730568823273989,13.029060999808069,36.695306603705419,11.873029691321685
m1_val_rf_320_trees_mse_0.8_max_feat_10_max_depth,4368.376465082169,0.77436696625604551,0.058053756061893502,0.84455058619192358,13.148283839571551,38.347526172627319,11.906947998177671
m1_val_rf_320_trees_mse_0.8_max_feat_12_max_depth,4997.909551143646,0.77177743146223809,0.057552948727396046,0.84449630916196261,13.227638976363167,38.640668338044328,12.028895474740233
m1_val_rf_320_trees_mse_0.8_max_feat_14_max_depth,5569.643770933151,0.769026701324657,0.058162090300960048,0.84286799826313508,13.39355917909343,39.472998858679105,12.347856094941228
m1_val_rf_320_trees_mse_0.8_max_feat_16_max_depth,6056.087427139282,0.76938284786371514,0.057891352650445746,0.83906860616587065,13.434602662604471,39.555345219093425,12.477783675089425
m1_val_rf_320_trees_mse_0.8_max_feat_18_max_depth,6426.751554012299,0.77117294892308397,0.057386355849968491,0.84932696482848458,13.412620859873622,39.054465923696505,12.282851657227988
m1_val_rf_base_line_default_params,583.4454190731049,0.72889456277993547,0.0563005025989907,0.80346287451150666,14.182018664383552,39.750067025014317,13.132041666666664
